USE JigitalclouN
INSERT INTO MsStaff VALUES
('JCN-R0123', 'Abdul Kareem', 'Male', 'abr@gml.com', '1999-11-29', '087897653452', 'Jalan Mawar 077', 7600000),
('JCN-R0211', 'Anisa Pennelope', 'Female', 'anp@gml.com', '1995-06-05', '088878965432','Jalan Kamboja 07', 13000000),
('JCN-R1123', 'Putri Diana', 'Female', 'ccc@acb.com', '2004-07-07', '089776875345', 'Jalan Surabaya 03', 6800000),
('JCN-R0112', 'Jhonny Dellon', 'Male', 'jde@emd.com', '2006-12-05', '081234567890', 'Jalan Dhayak 120', 10000000),
('JCN-R0220', 'Ema Wemie', 'Female', 'emm@gil.com', '2005-11-04', '089876543210', 'Jalan Aveneil 456', 4500000),
('JCN-R2178', 'Mich Snith', 'Male', 'msc@yho.com', '1998-10-12', '085432109876', 'Jalan Elm 90', 15000000),
('JCN-R0234', 'Sophya Johnson', 'Female', 'sph@hmi.com', '1994-09-08', '087654321098', 'Jalan Oak 812', 18000000),
('JCN-R2145', 'Davin Lee', 'Male', 'ddl@gil.com', '1998-05-21', '082345678901', 'Jalan Pine 74', 12000000),
('JCN-R0267', 'Olia Braun', 'Female', 'obn@yho.com', '1997-05-07', '089012345678', 'Jalan Cedar 38', 9700000),
('JCN-R2132', 'Willy Tanor', 'Male', 'wor@hml.com', '1994-01-02', '086789012345', 'Jalan Maple 10', 18000000)

INSERT INTO MsCustomer VALUES
('JCN-C3123', 'Kleen Sido', 'Male', 'kdo@gml.com', '2001-12-16', '088394028901', 'Jalan Geranium 203'),
('JCN-C4127', 'Janny Liau', 'Female', 'jnl@yho.com', '2002-01-08', '089876543210', 'Jalan Hyatt 16'),
('JCN-C5211', 'Dylon Joshep', 'Male', 'djo@gil.com', '2003-10-23', '088462518291', 'Jalan Palm 932'),
('JCN-C3199', 'Sabrina Hsyanna', 'Female', 'sbh@yml.com', '1997-06-29', '081284729374', 'Jalan Burgundy 82'),
('JCN-C4120', 'Dywnn Karoll', 'Male', 'dwk@gil.com', '2000-02-09', '082372617382', 'Jalan Bluebell 39'),
('JCN-C5235', 'Yokle Malpo', 'Female', 'ylp@yho.com', '2003-05-27', '084172937261', 'Jalan Magnolia 491'),
('JCN-C6150', 'Lodi Victor', 'Male', 'Lvc@yml.com', '2001-03-05', '087261528495', 'Jalan Tulip 738'),
('JCN-C4188', 'Yuna Sya', 'Female', 'ysy@gml.com', '1999-10-12', '088543686293', 'Jalan Vernonia 280'),
('JCN-C5276', 'Boen Caiden', 'Male', 'bdn@yho.com', '1994-03-21', '085837193826', 'Jalan Rafflesia'),
('JCN-C3176', 'Vica Ressa', 'Female', 'vrs@gil.com', '1993-12-04', '089271537293', 'Jalan Alyssium 028')

INSERT INTO MsLocation VALUES
('JCN-L3213', 'Surakarta', 'Indonesia', 10238, 40.712, -74.01),
('JCN-L4117', 'Palembang', 'Indonesia', 29102, 51.518, -07.13),
('JCN-L5123', 'Bandung', 'Indonesia', 93293, 26.690, 29.699),
('JCN-L3210', 'Jakarta', 'Indonesia', 75020, 18.868, 25.355),
('JCN-L4106', 'Semarang', 'Indonesia', 10178, 22.521, 13.440),
('JCN-L7266', 'Medan', 'Indonesia', 29210, -33.871, 11.211),
('JCN-L6102', 'Bali', 'Indonesia', 30185, 41.902, 12.500),
('JCN-L4165', 'Makassar', 'Indonesia', 42912, 43.625, -79.34),
('JCN-L5282', 'Yogyakarta', 'Indonesia', 19292, 25.176, 27.632),
('JCN-L3187', 'Surabaya', 'Indonesa', 82193, 40.422, -31.70)

INSERT INTO MsMemory VALUES
('JCN-M3120', 'Netac', '0021', 520000, 2900, 205),
('JCN-M4223', 'Bcare', '0032', 580000, 3300, 165),
('JCN-M5178', 'Vgeen', '0081', 620000, 3600, 180),
('JCN-M3112', 'Kingston', '0034', 680000, 3900, 200),
('JCN-M4287', 'Sandisk', '0092', 720000, 4200, 215),
('JCN-M5101', 'Lexarpro', '0012', 770000, 4500, 245),
('JCN-M3234', 'Maestro', '0052', 480000, 1800, 75),
('JCN-M4211', 'Samsung', '0040', 850000, 5000, 256),
('JCN-M5102', 'Joyseus', '0019', 610000, 3100, 249),
('JCN-M3187', 'Teamgroup', '0023', 420000, 1000, 64)

INSERT INTO MsProcessor VALUES 
('JCN-P4101', 'AMD','1004', 5000000, 4800, 17),
('JCN-P4102', 'AMD','1040', 9500000, 5900, 19),
('JCN-P4103', 'AMD','1006', 4000000, 3600, 15),
('JCN-P4104', 'Intel','1042', 5200000, 4000, 4),
('JCN-P4105', 'Intel','1080', 2199000, 1800, 13),
('JCN-P4106', 'Celeron','1075', 1200000, 2700, 22),
('JCN-P4107', 'IBM','1070', 2000000, 1700, 12),
('JCN-P4108', 'Athlon G','1089', 2100000, 1900, 15),
('JCN-P4109', 'Pentium', '1004', 940000, 2600, 8),
('JCN-P4111', 'Xeon', '1066', 2500000, 2200, 5)

INSERT INTO MsServer VALUES
('JCN-V3100', 'JCN-M3120', 'JCN-P4101', 'JCN-L3213', 33000000),
('JCN-V4101', 'JCN-M4223', 'JCN-P4102', 'JCN-L4117', 59000000),
('JCN-V5200', 'JCN-M5178', 'JCN-P4103', 'JCN-L5123', 24000000),
('JCN-V3221', 'JCN-M3112', 'JCN-P4104', 'JCN-L3210', 48000000),
('JCN-V4120', 'JCN-M4287', 'JCN-P4105', 'JCN-L4106', 22000000),
('JCN-V5232', 'JCN-M5101', 'JCN-P4106', 'JCN-L7266', 37000000),
('JCN-V3167', 'JCN-M3234', 'JCN-P4107', 'JCN-L6102', 39000000),
('JCN-V4234', 'JCN-M4211', 'JCN-P4108', 'JCN-L4165', 73000000),
('JCN-V5155', 'JCN-M5102', 'JCN-P4109', 'JCN-L5282', 60000000),
('JCN-V3222', 'JCN-M3187', 'JCN-P4111', 'JCN-L3187', 68000000)

INSERT INTO RentalTransactionHeader VALUES
('JCN-R0151','JCN-C3123','JCN-R0123','2012-01-12'),
('JCN-R0142','JCN-C4127','JCN-R0211','2012-01-24'),
('JCN-R0193','JCN-C5211','JCN-R1123','2020-01-27'),
('JCN-R0164','JCN-C3199','JCN-R0220','2023-03-01'),
('JCN-R0175','JCN-C4120','JCN-R2178','2021-04-06'),
('JCN-R0146','JCN-C5235','JCN-R0234','2018-06-10'),
('JCN-R0137','JCN-C6150','JCN-R2145','2020-12-13'),
('JCN-R0128','JCN-C4188','JCN-R0267','2022-04-10'),
('JCN-R0219','JCN-C5276','JCN-R0123','2013-08-15'),
('JCN-R0261','JCN-C3176','JCN-R2132','2014-02-05'),
('JCN-R0232','JCN-C3123','JCN-R2145','2021-04-08'),
('JCN-R0243','JCN-C5211','JCN-R0112','2020-06-12'),
('JCN-R0274','JCN-C3199','JCN-R2178','2019-07-20'),
('JCN-R0295','JCN-C4127','JCN-R0123','2019-09-24'),
('JCN-R0186','JCN-C4120','JCN-R0112','2017-04-02')

INSERT INTO RentalTransactionDetail VALUES
('JCN-R0151','JCN-V3100',30),
('JCN-R0142','JCN-V4101',59),
('JCN-R0193','JCN-V5200',70),
('JCN-R0164','JCN-V4120',61),
('JCN-R0175','JCN-V3100',33),
('JCN-R0146','JCN-V5232',39),
('JCN-R0137','JCN-V3100',52),
('JCN-R0128','JCN-V4101',76),
('JCN-R0219','JCN-V5155',42),
('JCN-R0261','JCN-V3221',80),
('JCN-R0232','JCN-V3167',55),
('JCN-R0243','JCN-V4120',60),
('JCN-R0274','JCN-V5200',69),
('JCN-R0295','JCN-V5155',78),
('JCN-R0186','JCN-V3100',62),
('JCN-R0151','JCN-V5200',51),
('JCN-R0142','JCN-V3100',64),
('JCN-R0193','JCN-V5155',57),
('JCN-R0164','JCN-V3221',43),
('JCN-R0175','JCN-V4120',73),
('JCN-R0146','JCN-V4101',54),
('JCN-R0137','JCN-V5155',46),
('JCN-R0128','JCN-V5232',92),
('JCN-R0219','JCN-V5200',37),
('JCN-R0261','JCN-V4234',58)

INSERT INTO SaleTransactionHeader VALUES
('JCN-S0111','JCN-C3123','JCN-R2132','2012-01-12'),
('JCN-S0112','JCN-C4127','JCN-R0267','2012-01-24'),
('JCN-S0113','JCN-C5211','JCN-R2145','2012-05-27'),
('JCN-S0114','JCN-C3199','JCN-R0112','2015-03-01'),
('JCN-S0115','JCN-C4120','JCN-R0123','2015-03-06'),
('JCN-S0116','JCN-C5235','JCN-R0220','2015-06-10'),
('JCN-S0117','JCN-C6150','JCN-R0267','2015-12-13'),
('JCN-S0118','JCN-C4188','JCN-R0123','2016-04-10'),
('JCN-S0119','JCN-C5276','JCN-R1123','2016-08-15'),
('JCN-S0221','JCN-C3176','JCN-R0123','2016-02-05'),
('JCN-S0222','JCN-C3123','JCN-R0234','2018-04-08'),
('JCN-S0223','JCN-C5211','JCN-R0267','2018-06-12'),
('JCN-S0224','JCN-C3199','JCN-R2132','2018-07-20'),
('JCN-S0225','JCN-C4127','JCN-R0234','2019-09-24'),
('JCN-S0226','JCN-C4120','JCN-R2178','2020-04-02')

INSERT INTO SaleTransactionDetail VALUES
('JCN-S0111','JCN-V3100'),
('JCN-S0112','JCN-V5200'),
('JCN-S0113','JCN-V3221'),
('JCN-S0114','JCN-V4120'),
('JCN-S0115','JCN-V3167'),
('JCN-S0116','JCN-V3221'),
('JCN-S0117','JCN-V5155'),
('JCN-S0118','JCN-V4234'),
('JCN-S0119','JCN-V4101'),
('JCN-S0221','JCN-V3100'),
('JCN-S0222','JCN-V4120'),
('JCN-S0223','JCN-V3100'),
('JCN-S0224','JCN-V5200'),
('JCN-S0225','JCN-V5232'),
('JCN-S0226','JCN-V5155'),
('JCN-S0112','JCN-V4101'),
('JCN-S0113','JCN-V3167'),
('JCN-S0114','JCN-V3100'),
('JCN-S0115','JCN-V4101'),
('JCN-S0116','JCN-V5155'),
('JCN-S0117','JCN-V5232'),
('JCN-S0118','JCN-V4101'),
('JCN-S0119','JCN-V4234'),
('JCN-S0221','JCN-V3167'),
('JCN-S0222','JCN-V3100')